<?xml version="1.0" encoding="utf-8"?>
<!-- GENERATED BY UNITY. REMOVE THIS COMMENT TO PREVENT OVERWRITING WHEN EXPORTING AGAIN-->
<manifest xmlns:android="http://schemas.android.com/apk/res/android" package="com.unity3d.player" xmlns:tools="http://schemas.android.com/tools">
  <application>
    <activity android:name="com.unity3d.player.UnityPlayerActivity" android:theme="@style/UnityThemeSelector" android:screenOrientation="fullSensor" android:launchMode="singleTask" android:configChanges="mcc|mnc|locale|touchscreen|keyboard|keyboardHidden|navigation|orientation|screenLayout|uiMode|screenSize|smallestScreenSize|fontScale|layoutDirection|density" android:hardwareAccelerated="false">
      <intent-filter>
        <action android:name="android.intent.action.MAIN" />
        <category android:name="android.intent.category.LAUNCHER" />
      </intent-filter>
      <meta-data android:name="unityplayer.UnityActivity" android:value="true" />
      <meta-data android:name="android.notch_support" android:value="true" />
    </activity>
    <meta-data android:name="unity.splash-mode" android:value="0" />
    <meta-data android:name="unity.splash-enable" android:value="True" />
    <meta-data android:name="notch.config" android:value="portrait|landscape" />
    <meta-data android:name="unity.build-id" android:value="0622809c-8a27-4c11-96b1-48d6308288c6" />
  </application>
  <uses-feature android:glEsVersion="0x00030000" />
  <uses-feature android:name="android.hardware.vulkan.version" android:required="false" />
  <uses-feature android:name="android.hardware.touchscreen" android:required="false" />
  <uses-feature android:name="android.hardware.touchscreen.multitouch" android:required="false" />
  <uses-feature android:name="android.hardware.touchscreen.multitouch.distinct" android:required="false" />
</manifest>